climb_id,user_id,star_rating
105717289,105990845,4.0
105717289,10431,4.0
105717289,14213,3.0
105717289,106159111,4.0
105717289,11466,4.0
105717289,13658,4.0
105717289,105846604,4.0
105717289,106262777,4.0
105717289,106584417,4.0
105717289,106723303,2.0
105717289,11802,4.0
105717289,12121,4.0
105717289,12407,3.0
105717307,105807147,4.0
105717307,106584417,4.0
105717307,107515236,4.0
105717307,105792600,4.0
105717307,106526731,4.0
105717307,107088893,4.0
105717310,106767428,4.0
105717310,105859992,4.0
105717310,105974560,4.0
105717310,14537,4.0
105717310,105846604,4.0
105717310,106489136,4.0
105717310,107146196,4.0
105717310,11029,4.0
105717310,11278,4.0
105717310,107101456,3.0
105717310,107342057,3.0
105717310,105843822,4.0
105717310,107229353,4.0
105717310,107785600,4.0
105717310,107909507,4.0
105717346,106022334,2.0
105717346,106452465,2.0
105717346,108684526,3.0
105717346,106489136,3.0
105717346,106838734,2.0
105717346,11029,2.0
105717346,15043,2.0
105717346,105899017,3.0
105717346,105841324,2.0
105717346,106223263,2.0
105717346,106893421,2.0
105748175,13111,2.0
105748175,105812440,3.0
105748175,106136679,3.0
105748175,105846604,3.0
105748175,106489136,2.0
105748175,106554608,3.0
105748175,105860008,3.0
105748175,107820434,2.0
105748175,12494,2.0
105758122,105822848,4.0
105758122,10232,3.0
105758122,106430658,4.0
105758122,11466,3.0
105758122,105846604,4.0
105758122,106372474,3.0
105758122,106526731,3.0
105758122,108744718,4.0
105748490,11622,4.0
105748490,107356939,2.0
105748490,105795871,4.0
105748490,106059834,4.0
105748490,106596992,4.0
105748490,107370769,3.0
105748490,106187247,2.0
105748490,106400151,3.0
105748490,105964182,3.0
105748490,106861594,4.0
105748490,107146196,4.0
105748490,11047,4.0
105748490,12121,4.0
105748490,12407,4.0
105748490,105987922,4.0
105748490,106565770,4.0
105748490,107088893,4.0
105748490,106160547,3.0
105748490,110171029,3.0
105748490,106646308,2.0
105748490,105860008,4.0
105748490,106223263,4.0
105748490,107609988,4.0
105748490,107944131,4.0
105748490,107079403,3.0
105748490,109277227,3.0
105748490,107540372,3.0
105748490,107824861,4.0
105748490,106046804,2.0
105748490,10565,4.0
105748490,105905885,3.0
105748490,107786938,3.0
105748490,106908071,4.0
105748490,108048345,4.0
105748490,106046228,3.0
105748490,107553209,3.0
105750013,106430658,3.0
105750013,106723303,4.0
105750013,106554608,2.0
105750013,105890157,2.0
105750013,105885105,2.0
105750013,108048345,3.0
105756826,106087077,4.0
105756826,106503119,4.0
105756826,105795871,3.0
105756826,106187247,2.0
105756826,106887229,4.0
105756826,107835621,3.0
105756826,106119061,2.0
105756826,105805825,3.0
105756826,107115524,3.0
105756826,107869180,4.0
105756826,106817666,4.0
105756826,106046804,2.0
105748280,106087077,2.0
105748280,106055829,3.0
105748280,107186883,1.0
105748280,105929502,3.0
105748280,11802,2.0
105748280,107785600,1.0
105748280,10170,3.0
105748280,106202961,3.0
105748280,10790,2.0
105748280,106182300,2.0
105748280,106609131,2.0
105748286,10270,2.0
105748286,105936209,2.0
105748286,106827872,1.0
105748286,14537,1.0
105748286,107328886,2.0
105748286,11802,2.0
105748286,107236381,2.0
105748286,107229353,2.0
105748286,10170,2.0
105749446,105990845,3.0
105749446,106767428,3.0
105749446,13658,3.0
105749446,105972853,3.0
105749446,106489136,3.0
105749446,10870,3.0
105749446,11287,3.0
105749446,105874611,3.0
105749446,107101456,4.0
105749446,107909507,4.0
105749446,110171029,3.0
105749446,105899017,3.0
105749446,108242742,3.0
105749446,105823335,3.0
105749446,105885105,3.0
105749446,107824861,3.0
105749446,106327234,3.0
105749446,106593285,4.0
105749446,105829522,3.0
105749458,105936209,2.0
105749458,13658,2.0
105749458,107229353,3.0
105749458,107115524,2.0
105749458,106805249,1.0
105749458,105885105,1.0
105749458,108416587,2.0
105749458,105847271,2.0
105749464,10185,2.0
105749464,105877184,2.0
105749464,105800279,2.0
105749464,106356571,3.0
105749464,108242742,3.0
105749464,106413021,2.0
105749464,10369,1.0
105749464,106609131,3.0
105751021,105797501,3.0
105751021,105936209,4.0
105751021,10168,4.0
105751021,13937,4.0
105751021,105788294,4.0
105751021,105843822,4.0
105751021,107785600,4.0
105751021,107609988,2.0
105751021,106506620,3.0
105751021,106817666,4.0
105751021,14116,3.0
105751021,106088454,3.0
105752698,105823132,2.0
105752698,106396822,2.0
105752698,106356571,1.0
105752698,106887229,3.0
105752698,107785600,2.0
105752698,110171029,2.0
105752698,105954758,2.0
105752698,106731930,1.0
105752698,10790,2.0
105752698,106792062,2.0
105752698,107540372,2.0
105752698,106327234,2.0
105752698,107058132,2.0
105752698,107065889,2.0
105751369,105990845,4.0
105751369,11466,4.0
105751369,106823389,4.0
105751369,106356571,3.0
105751369,109996200,3.0
105751369,106646308,3.0
105751369,107609988,3.0
105751369,10228,3.0
105749071,10232,2.0
105749071,10168,4.0
105749071,106333851,4.0
105749071,106945549,2.0
105749071,10769,3.0
105749071,106156272,3.0
105749071,107909507,3.0
105749071,107869180,4.0
105749071,106088454,4.0
105749071,107148564,4.0
105751960,105791779,3.0
105751960,107186883,3.0
105751960,106400151,4.0
105751960,107902567,4.0
105751960,105846604,3.0
105751960,106467090,3.0
105751960,106584417,3.0
105751960,107226326,4.0
105751960,105874611,3.0
105751960,105843822,4.0
105751960,108174185,3.0
105751960,14015,4.0
105751960,105885105,4.0
105751960,106609131,4.0
105752839,105990845,4.0
105752839,10168,2.0
105752839,13937,3.0
105752839,105877184,4.0
105752839,14537,4.0
105752839,106098789,3.0
105752839,106088903,3.0
105752839,106187247,3.0
105752839,105829161,3.0
105752839,105843822,4.0
105752839,106379824,2.0
105752839,10170,4.0
105752839,107875017,3.0
105752839,10790,3.0
105752839,105885105,3.0
105752839,106792062,4.0
105752839,107058132,3.0
105753220,106192059,3.0
105753220,106481875,2.0
105753220,106945872,3.0
105753220,14537,4.0
105753220,108123128,4.0
105753220,105972853,3.0
105753220,11802,3.0
105753220,12407,4.0
105753220,105843822,4.0
105753220,106506620,3.0
105753220,106046804,3.0
105753220,10565,2.0
105754477,106087077,3.0
105754477,105868316,4.0
105754477,108123128,3.0
105754477,105807147,4.0
105754477,105829161,4.0
105754477,105998198,3.0
105754477,107869180,4.0
105754477,105823335,3.0
105754477,106046804,3.0
105755515,105800279,3.0
105755515,107835621,3.0
105755515,107088893,3.0
105755515,105998198,2.0
105755515,106202961,2.0
105755515,106889790,3.0
105755515,106792062,2.0
105755515,108048345,3.0
105755515,106593285,4.0
105758910,106087077,4.0
105758910,105990845,3.0
105758910,106192059,3.0
105758910,11327,4.0
105758910,105877184,3.0
105758910,105812440,2.0
105758910,106156272,3.0
105758910,105841324,3.0
105758910,106808076,4.0
105758910,105954758,3.0
105758910,106088454,2.0
105758910,10565,3.0
105748262,106022334,2.0
105748262,10185,1.0
105748262,105788294,2.0
105748262,107088893,2.0
105748262,106223263,2.0
105748262,109277227,2.0
105748262,107786938,1.0
105748262,108048345,3.0
105748262,106046228,1.0
105748262,106609131,2.0
105748262,109205885,1.0
105748894,106022334,2.0
105748894,106087077,2.0
105748894,11622,2.0
105748894,106192059,2.0
105748894,106860947,3.0
105748894,105800279,1.0
105748894,107088893,2.0
105748894,105954758,1.0
105748894,107866982,3.0
105748894,105823335,1.0
105748894,10565,2.0
105748894,108735529,2.0
105748894,105847271,1.0
105750139,106087077,3.0
105750139,106887229,3.0
105750139,11287,2.0
105750139,106526731,2.0
105750139,107088893,3.0
105750139,108174185,3.0
105750139,106223263,3.0
105750139,107875017,3.0
105750139,10369,2.0
105750139,108048345,2.0
105750139,106609131,3.0
105750139,105829522,2.0
105752299,105823132,1.0
105752299,105990845,1.0
105752299,105936209,2.0
105752299,106098789,2.0
105752299,106823389,2.0
105752299,106413021,1.0
105752299,10790,1.0
105752299,108735529,2.0
105756052,105822848,4.0
105756052,106816037,4.0
105756052,107297633,4.0
105756052,105807065,3.0
105756052,105812440,4.0
105756052,106088903,4.0
105756052,10121,3.0
105757393,105828656,2.0
105757393,105884543,3.0
105757393,14015,3.0
105757393,106046804,2.0
105757393,11609,1.0
105757393,10996,2.0
105758062,106087077,2.0
105758062,10232,2.0
105758062,10481,2.0
105758062,106121156,4.0
105758062,105846604,3.0
105758062,105841324,2.0
105758062,106688497,3.0
105758062,105823335,3.0
105760608,106136679,2.0
105760608,107937197,1.0
105760608,107515236,2.0
105760608,10228,2.0
105760608,106046804,3.0
105760608,105994004,2.0
105760935,105823132,3.0
105760935,106907209,2.0
105760935,106489136,3.0
105760935,105792600,2.0
105760935,106688497,2.0
105760935,10565,2.0
105760935,105819862,3.0
105761262,106308715,1.0
105761262,105936209,2.0
105761262,106136679,2.0
105761262,105800279,2.0
105761262,106489136,2.0
105761262,106723303,3.0
105761262,106893421,2.0
105761262,106413021,1.0
105761262,105819862,2.0
105761262,106593285,2.0
105761271,105822848,4.0
105761271,105936209,3.0
105761271,106333851,2.0
105761271,12448,4.0
105761271,106162275,3.0
105761271,106723303,4.0
105761271,11287,3.0
105761271,106257649,3.0
105761271,107835621,3.0
105761271,106160547,4.0
105761271,14015,3.0
105761271,108386412,4.0
105761271,105787518,4.0
105761271,105829522,3.0
105761337,106192059,2.0
105761337,105795871,1.0
105761337,106945872,2.0
105761337,10769,2.0
105761337,12448,2.0
105761337,106162275,3.0
105761337,106723303,1.0
105761337,11029,2.0
105761337,11802,1.0
105761337,10271,1.0
105761337,107088893,2.0
105761337,11965,1.0
105761337,106808076,2.0
105761337,107572371,2.0
105761337,108386412,2.0
105761337,106593285,2.0
105761340,106121156,4.0
105761340,106481875,3.0
105761340,13111,3.0
105761340,106823389,3.0
105761340,106887229,3.0
105761340,105856868,3.0
105761340,106722954,2.0
105761340,106808076,2.0
105761340,11916,3.0
105761340,105823335,3.0
105761340,108386412,4.0
105761340,106046804,3.0
105761340,105837552,2.0
105761340,10565,2.0
105761340,105829522,2.0
105761349,105797501,2.0
105761349,10481,3.0
105761349,105812440,2.0
105761349,106119061,2.0
105862660,106907209,4.0
105862660,106121156,3.0
105862660,105807065,2.0
105862660,13111,2.0
105862660,106887229,3.0
105862660,107835621,2.0
105862660,107229353,3.0
105862660,107572371,3.0
105862660,108386412,3.0
105862660,106593285,3.0
105975956,106121156,3.0
105975956,10762,4.0
105975956,105929502,4.0
105975956,106861594,3.0
105975956,10790,3.0
105975956,110093522,3.0
105975956,106593285,4.0
105988542,10270,3.0
105988542,106121156,3.0
105988542,106247789,2.0
105988542,105829161,3.0
105988542,11802,2.0
105988542,105841324,2.0
105988542,107820434,3.0
105988542,12179,3.0
106210059,106022334,2.0
106210059,105990845,3.0
106210059,14537,3.0
106210059,13658,3.0
106210059,10762,3.0
106210059,105964182,2.0
106210059,106356571,2.0
106210059,105843822,3.0
106210059,107229353,3.0
106210059,106893421,3.0
106210059,107406913,2.0
106210059,106413021,3.0
106210059,107540372,2.0
106210059,106593285,3.0
106210059,106609131,2.0
106210059,107588308,2.0
106210078,106333851,2.0
106210078,105788294,2.0
106210078,12448,3.0
106210078,106156272,2.0
106210078,105905885,2.0
106210078,106776142,2.0
106210200,106860947,3.0
106210200,106333851,3.0
106210200,106430658,2.0
106210200,105816899,3.0
106210200,106526731,3.0
106210200,106379824,2.0
106210200,106688497,2.0
106210200,14116,3.0
106210200,107540372,3.0
106210217,105797501,2.0
106210217,105795871,3.0
106210217,105807065,3.0
106210217,106159111,3.0
106210217,11466,3.0
106210217,106162275,2.0
106210217,106489136,2.0
106210217,107088893,2.0
106210217,107785600,2.0
106210217,14582,2.0
106210217,10790,2.0
106210217,106176200,3.0
106210217,106046228,2.0
106210224,11622,2.0
106210224,105990845,3.0
106210224,106192059,3.0
106210224,106860947,3.0
106210224,106136679,3.0
106210224,11287,2.0
106210224,106722954,3.0
106210224,107342057,3.0
106210224,108147044,3.0
106210224,110171029,2.0
106210224,106129363,3.0
106210224,106805249,3.0
106210224,106202961,2.0
106210224,10228,2.0
106210224,107165466,3.0
106210224,14582,2.0
106210224,10369,3.0
106210224,105787518,3.0
106210224,10996,2.0
106210224,107786938,3.0
106220088,10270,2.0
106220088,105936209,2.0
106220088,11466,3.0
106220088,105856868,1.0
106220088,107101456,4.0
106220088,107909507,3.0
106220088,106379824,2.0
106220088,105885105,3.0
106220088,10369,3.0
106243288,106159111,3.0
106243288,106156272,3.0
106243288,106456414,3.0
106243288,107088893,2.0
106243288,108147044,2.0
106243288,105805825,3.0
106243288,105843822,3.0
106243288,107406913,3.0
106243288,106731930,2.0
106243288,106413021,2.0
106243288,106688497,2.0
106243288,105885105,2.0
106243288,108744718,2.0
106243288,107786938,2.0
106243288,108048345,1.0
106273826,11622,2.0
106273826,106156272,1.0
106273826,107088893,2.0
106273826,107342057,1.0
106273826,108147044,1.0
106273826,110171029,2.0
106273826,108092104,2.0
106273826,106129363,2.0
106273826,107866982,2.0
106273826,10228,2.0
106273826,106046228,2.0
106273826,107553209,2.0
106281067,106767428,4.0
106281067,106333851,1.0
106281067,107088893,2.0
106281067,106045902,3.0
106281067,106202961,2.0
106281067,10369,2.0
106281067,106908071,2.0
106281067,106552563,2.0
106281067,107588308,2.0
106505012,106860947,2.0
106505012,106430658,2.0
106505012,106722954,2.0
106505012,107909507,2.0
106505012,107406913,2.0
106505012,105905885,1.0
106505012,107553209,2.0
106505012,108076158,1.0
106506935,11622,2.0
106506935,106055829,2.0
106506935,105795871,1.0
106506935,107186883,2.0
106506935,106887229,2.0
106506935,107236381,3.0
106506935,106129363,2.0
106506935,107875017,2.0
106506935,106413021,2.0
106506935,105829522,2.0
106509465,110171029,2.0
106509465,105884543,2.0
106509465,14582,1.0
106509465,107540372,2.0
106509465,105787518,2.0
106509465,11235,2.0
106509465,106327234,2.0
106509465,106593285,1.0
106509465,107553209,2.0
106511980,106192059,2.0
106511980,106055829,1.0
106511980,106129363,2.0
106511980,107116332,2.0
106511980,105905885,1.0
106511980,106327234,2.0
106518769,106396822,3.0
106518769,106860947,2.0
106518769,107186883,2.0
106518769,106489136,2.0
106518769,106176200,2.0
106518769,105905885,3.0
106518769,106552563,3.0
106518769,108735529,2.0
106701638,106156272,3.0
106701638,106414419,3.0
106701638,106489136,3.0
106701638,107088893,3.0
106701638,105805825,4.0
106701638,106808076,4.0
106701638,107609988,3.0
106701638,106609131,3.0
106701638,107058132,4.0
106701638,105847271,2.0
105748385,107297633,3.0
105748385,106945872,3.0
105748385,106136679,2.0
105748385,10121,2.0
105748385,11287,3.0
105748385,10228,2.0
105748385,106488452,2.0
105748385,12494,2.0
105748385,107148564,3.0
105748385,107588308,2.0
105748385,107553209,3.0
105748418,105990845,3.0
105748418,105797501,2.0
105748418,10762,3.0
105748418,106489136,3.0
105748418,107515236,3.0
105748418,106257649,3.0
105748418,107342057,3.0
105748418,105843822,3.0
105748418,108174185,3.0
105748418,107406913,3.0
105748418,14015,3.0
105748418,105811887,3.0
105717328,106022334,3.0
105717328,10185,2.0
105717328,11327,4.0
105717328,106596992,3.0
105717328,106389541,4.0
105717328,106156272,3.0
105717328,106372474,3.0
105717328,106456414,3.0
105717328,106110467,4.0
105717328,106379824,2.0
105717328,107944131,4.0
105717349,106192059,2.0
105717349,106907209,3.0
105717349,106767428,3.0
105717349,13937,2.0
105717349,106430658,3.0
105717349,106584417,3.0
105717349,106365141,3.0
105717349,105987922,3.0
105717349,15043,2.0
105717349,107944131,3.0
105717349,10170,3.0
105717463,106907209,3.0
105717463,105974560,4.0
105717463,106262777,3.0
105717463,106838734,4.0
105717463,106202961,3.0
105717463,12494,2.0
105717463,106278120,3.0
105717484,106192059,4.0
105717484,106193445,4.0
105717484,10232,3.0
105717484,106400151,4.0
105717484,106584417,4.0
105717484,14004,4.0
105717484,106565770,4.0
105717484,107342057,3.0
105717484,105998198,4.0
105717484,12179,4.0
105717511,109996200,4.0
105717511,105874611,3.0
105717511,108386412,4.0
105717511,106278120,3.0
105717511,12179,4.0
105748271,105990845,3.0
105748271,105795871,3.0
105748271,106860947,3.0
105748271,105807065,2.0
105748271,105974560,2.0
105748271,105829161,3.0
105748271,106372474,3.0
105748271,107101456,4.0
105748271,105843822,3.0
105748271,110171029,3.0
105748271,106129363,2.0
105748271,10170,3.0
105748271,106046804,2.0
105748271,106327234,4.0
105748271,106908071,3.0
105748271,106609131,2.0
105748397,13937,3.0
105748397,107297633,2.0
105748397,11327,4.0
105748397,105859992,2.0
105748397,106827872,3.0
105748397,106098789,3.0
105748397,106159111,4.0
105748397,105787381,3.0
105748397,105846604,2.0
105748397,107515236,3.0
105748397,106119061,3.0
105748397,107088893,3.0
105748397,107909507,3.0
105748397,110171029,3.0
105748397,106646308,3.0
105748397,105863852,3.0
105748397,11916,4.0
105748397,106805249,4.0
105748397,105823335,4.0
105748397,109277227,3.0
105748397,106046804,3.0
105748397,10565,3.0
105748397,107148564,3.0
105748397,11129,3.0
105748505,10185,4.0
105748505,105795871,3.0
105748505,107186883,3.0
105748505,14537,3.0
105748505,106098789,3.0
105748505,106136679,3.0
105748505,10150,3.0
105748505,107656938,3.0
105748505,106554608,4.0
105748505,106251374,4.0
105748505,105954758,4.0
105748505,106688497,2.0
105748505,107824861,3.0
105748505,10565,2.0
105748505,105994004,3.0
105748657,11622,4.0
105748657,105990845,3.0
105748657,10270,4.0
105748657,106308715,4.0
105748657,105797501,3.0
105748657,14213,4.0
105748657,106481875,4.0
105748657,10769,4.0
105748657,106187247,4.0
105748657,105807147,3.0
105748657,106142131,3.0
105748657,106414419,4.0
105748657,106584417,4.0
105748657,11047,4.0
105748657,11278,4.0
105748657,12121,4.0
105748657,106365141,4.0
105748657,107226326,3.0
105748657,107909507,4.0
105748657,108174185,4.0
105748657,107115524,4.0
105748657,105899017,4.0
105748657,105841324,4.0
105748657,105945438,4.0
105748657,106893421,4.0
105748657,107869180,4.0
105748657,105954758,4.0
105748657,106731930,4.0
105748657,14582,4.0
105748657,107540372,3.0
105748657,106176200,4.0
105748657,106046804,3.0
105748657,106182300,4.0
105748657,10565,4.0
105748657,108744718,4.0
105748657,106776142,3.0
105748657,11129,4.0
105748657,105847271,4.0
105748999,10850,4.0
105748999,105791779,4.0
105748999,105876980,2.0
105748999,106452465,2.0
105748999,13658,3.0
105748999,105964182,4.0
105748999,106584417,4.0
105748999,106723303,4.0
105748999,11047,3.0
105748999,14004,3.0
105748999,105856868,4.0
105748999,106722954,3.0
105748999,110171029,3.0
105748999,105899017,3.0
105748999,105837552,2.0
105748999,106552563,3.0
105748999,105815478,3.0
105749461,106192059,2.0
105749461,14213,2.0
105749461,105936209,3.0
105749461,106333851,3.0
105749461,106827872,3.0
105749461,107186883,1.0
105749461,106159111,3.0
105749461,10762,3.0
105749461,105846604,3.0
105749461,105929502,3.0
105749461,10271,2.0
105749461,107088893,3.0
105749461,107101456,4.0
105749461,107406913,3.0
105749461,106278120,2.0
105749461,11235,2.0
105749461,105829522,3.0
105749461,108076158,3.0
105749785,105823132,3.0
105749785,10232,2.0
105749785,106059834,2.0
105749785,13937,3.0
105749785,105974560,2.0
105749785,107902567,3.0
105749785,105846604,4.0
105749785,106162275,4.0
105749785,14004,3.0
105749785,107342057,3.0
105749785,107656938,3.0
105749785,105863852,3.0
105749785,107869180,3.0
105749785,106688497,3.0
105749785,108386412,4.0
105749785,12179,3.0
105749785,108416587,3.0
105749785,107588308,3.0
105749785,108735529,2.0
105749785,107058132,3.0
105749956,106087077,3.0
105749956,11622,2.0
105749956,106192059,3.0
105749956,107356939,3.0
105749956,106860947,4.0
105749956,13937,3.0
105749956,11327,3.0
105749956,105807065,3.0
105749956,107186883,2.0
105749956,106088903,3.0
105749956,10121,1.0
105749956,10150,2.0
105749956,105807147,2.0
105749956,107515236,3.0
105749956,11047,2.0
105749956,107115524,4.0
105749956,105899017,3.0
105749956,105863852,3.0
105749956,105954758,2.0
105749956,106688497,3.0
105749956,108386412,3.0
105749956,106126874,3.0
105749956,106593285,3.0
105749956,105829522,3.0
105750118,106333851,3.0
105750118,14537,3.0
105750118,106159111,4.0
105750118,106389541,3.0
105750118,105846604,3.0
105750118,106202961,4.0
105750118,109277227,3.0
105750118,106593285,3.0
105750487,106022334,4.0
105750487,106193445,4.0
105750487,10850,3.0
105750487,106860947,4.0
105750487,105859992,2.0
105750487,14537,4.0
105750487,12448,4.0
105750487,13119,3.0
105750487,105800279,3.0
105750487,11047,3.0
105750487,11278,3.0
105750487,15043,4.0
105750487,105945438,3.0
105750487,106808076,4.0
105750487,105823335,4.0
105750487,105885105,3.0
105750487,106126874,4.0
105750487,106046804,2.0
105752602,105797501,1.0
105752602,106136679,2.0
105752602,106162275,3.0
105752602,106722954,3.0
105752602,107785600,2.0
105752602,106413021,2.0
105752602,105885105,2.0
105752602,108386412,2.0
105752602,107540372,3.0
105752602,106126874,2.0
105752602,11235,2.0
105752602,106046228,2.0
105752602,106609131,2.0
105756730,10232,2.0
105756730,12448,3.0
105756730,105846604,1.0
105756730,107869180,1.0
105756814,106192059,3.0
105756814,106055829,3.0
105756814,105877184,3.0
105756814,107370769,2.0
105756814,13119,2.0
105756814,10359,1.0
105756814,107088893,2.0
105756814,107785600,3.0
105756814,11965,3.0
105756814,106223263,3.0
105756814,106805249,2.0
105756814,107820434,3.0
105756814,105837552,2.0
105756814,105787518,2.0
105756814,108076158,1.0
105756814,105847271,3.0
105760011,105797501,2.0
105760011,13937,3.0
105760011,105846604,3.0
105760011,13115,2.0
105760011,105805825,3.0
105760011,108048345,3.0
105760011,107588308,3.0
105760011,105847271,3.0
105760656,106389541,3.0
105760656,105846604,2.0
105760656,10170,2.0
105760656,106688497,2.0
105760656,108386412,2.0
105760656,106046804,3.0
105760656,105819862,2.0
105760656,106609131,3.0
105762684,106308715,2.0
105762684,10232,2.0
105762684,106055829,2.0
105762684,11327,3.0
105762684,108123128,2.0
105762684,106045902,2.0
105762684,107869180,2.0
105762684,110093522,3.0
105762957,106396822,4.0
105762957,11327,3.0
105762957,106945872,3.0
105762957,106162275,3.0
105762957,107909507,2.0
105762957,105945438,3.0
105762957,106805249,3.0
105762957,106202961,4.0
105762957,106046804,3.0
105762957,106327234,4.0
105762957,106593285,3.0
105762957,105829522,3.0
105762975,106192059,2.0
105762975,10270,3.0
105762975,106860947,2.0
105762975,13937,2.0
105762975,105828656,3.0
105762975,107902567,3.0
105762975,108174185,3.0
105762975,11965,3.0
105762975,108092104,3.0
105762975,106808076,3.0
105762975,106889790,3.0
105762975,106688497,2.0
105762975,105905885,2.0
105762975,106776142,2.0
105762975,106593285,2.0
105764160,106192059,3.0
105764160,106055829,4.0
105764160,106396822,3.0
105764160,105936281,3.0
105764160,105843822,4.0
105764160,107115524,2.0
105764160,106202961,4.0
105764160,106792062,3.0
105764160,107262000,3.0
105764160,108744718,3.0
105764160,107786938,2.0
105764160,106593285,3.0
105867446,106022334,3.0
105867446,105990845,2.0
105867446,105974560,2.0
105867446,109996200,2.0
105867446,107229353,2.0
105867446,107909507,2.0
105867446,108092104,2.0
105867446,105899017,3.0
105867446,107609988,2.0
105867446,106792062,3.0
105867446,106278120,3.0
105867446,107824861,2.0
105867446,107786938,2.0
105867446,106046228,2.0
105867446,108076158,3.0
106107243,106087077,2.0
106107243,105795871,2.0
106107243,13937,1.0
106107243,106481875,3.0
106107243,106333851,2.0
106107243,12448,1.0
106107243,106136679,2.0
106107243,11047,1.0
106107243,106110467,3.0
106107243,106609131,2.0
106107243,107553209,3.0
106147677,106022334,1.0
106147677,105990845,1.0
106147677,106907209,2.0
106147677,10185,2.0
106147677,105795871,2.0
106147677,106945872,2.0
106147677,11287,2.0
106147677,105860008,1.0
106147677,106413021,2.0
106147677,107058132,2.0
105717367,105797501,3.0
105717367,106055829,4.0
105717367,10431,4.0
105717367,105936209,4.0
105717367,107186883,4.0
105717367,107800195,4.0
105717367,106088903,4.0
105717367,106389541,4.0
105717367,107226326,4.0
105717367,105874611,3.0
105717367,106119061,4.0
105717367,108092104,4.0
105717367,105884543,4.0
105717367,105945438,4.0
105717367,106506620,4.0
105717373,106022334,4.0
105717373,10232,4.0
105717373,13937,4.0
105717373,106187247,4.0
105717373,10150,3.0
105717373,11029,4.0
105717373,105856868,4.0
105717373,106365141,4.0
105717373,106565770,4.0
105717373,106554608,3.0
105717922,13937,2.0
105717922,14537,2.0
105717922,106098789,3.0
105717922,108684526,4.0
105717922,106823389,4.0
105717922,106088903,3.0
105717922,105816899,3.0
105717922,10121,1.0
105717922,106723303,3.0
105717922,106565770,3.0
105717922,11916,3.0
105717922,105954758,2.0
105717922,105788208,3.0
105749770,11622,4.0
105749770,105822848,2.0
105749770,11327,4.0
105749770,105859992,4.0
105749770,106333851,4.0
105749770,106945872,4.0
105749770,107186883,4.0
105749770,13111,4.0
105749770,105829161,4.0
105749770,106414419,3.0
105749770,107146196,4.0
105749770,105856868,4.0
105749770,107656938,4.0
105749770,106379824,4.0
105749770,12494,4.0
105749770,105885105,4.0
105749770,107148564,4.0
105749551,106192059,3.0
105749551,106533215,3.0
105749551,106389541,4.0
105749551,106162275,3.0
105749551,106414419,3.0
105749551,105805825,3.0
105749551,105843822,4.0
105749551,106889790,3.0
105749551,106046804,3.0
105749551,108048345,4.0
105749551,106609131,3.0
105749551,107588308,2.0
105749551,107553209,3.0
105750154,14213,3.0
105750154,105859992,4.0
105750154,106400151,3.0
105750154,106455894,3.0
105750154,107937197,4.0
105750154,106861594,4.0
105750154,107835621,4.0
105750154,107909507,4.0
105750154,11965,4.0
105750154,107875017,4.0
105750154,108744718,4.0
105763197,107229353,2.0
105763197,106129363,2.0
105763197,10170,2.0
105763197,105787518,3.0
105763197,107553209,3.0
105749782,106022334,2.0
105749782,106308715,2.0
105749782,105936209,3.0
105749782,10121,2.0
105749782,105843822,3.0
105749782,105863852,2.0
105749782,108386412,3.0
105749782,107058132,2.0
105753505,105823132,4.0
105753505,106192059,4.0
105753505,105822848,4.0
105753505,106308715,3.0
105753505,106121156,4.0
105753505,10769,3.0
105753505,108684526,4.0
105753505,106088903,4.0
105753505,106389541,4.0
105753505,106235451,4.0
105753505,106257649,3.0
105753505,106526731,4.0
105753505,105884543,4.0
105753505,107609988,3.0
105753505,107588308,4.0
105748406,106055829,4.0
105748406,105791779,3.0
105748406,105788294,3.0
105748406,105828656,3.0
105748406,106098789,3.0
105748406,13658,3.0
105748406,10762,3.0
105748406,106247789,4.0
105748406,10121,2.0
105748406,105972853,3.0
105748406,106162275,4.0
105748406,108035631,3.0
105748406,107226326,4.0
105748406,105987922,4.0
105748406,106554608,4.0
105748406,105899017,4.0
105748406,105841324,3.0
105748406,105860008,4.0
105748406,14582,2.0
105748406,106688497,3.0
105748406,108386412,3.0
105748406,106046804,4.0
105748406,10369,3.0
105748406,106088454,3.0
105748406,106609131,4.0
105751792,106022334,4.0
105751792,105823132,3.0
105751792,105990845,3.0
105751792,105791779,3.0
105751792,106481875,4.0
105751792,11466,4.0
105751792,12448,3.0
105751792,107328886,3.0
105751792,105987922,4.0
105751792,105805825,4.0
105751792,106506620,4.0
105751792,105837552,4.0
105821587,105942841,2.0
105821587,106059834,3.0
105821587,10168,1.0
105821587,105812440,3.0
105821587,106467090,2.0
105821587,106838734,2.0
105821587,106379824,3.0
105749890,105990845,3.0
105749890,13937,3.0
105749890,106816037,2.0
105749890,105974560,2.0
105749890,106430658,3.0
105749890,107186883,3.0
105749890,10769,3.0
105749890,106098789,3.0
105749890,105787381,3.0
105749890,106187247,4.0
105749890,106389541,3.0
105749890,105816899,3.0
105749890,107937197,3.0
105749890,105829161,3.0
105749890,105964182,4.0
105749890,106861594,3.0
105749890,107515236,4.0
105749890,11278,3.0
105749890,12407,4.0
105749890,13115,3.0
105749890,14004,3.0
105749890,107835621,3.0
105749890,105987922,4.0
105749890,106110467,4.0
105749890,105788208,4.0
105749890,107079403,3.0
105749890,108744718,3.0
105760206,106907209,3.0
105760206,14213,2.0
105760206,106456414,2.0
105760206,14004,2.0
105760206,105987922,2.0
105760206,106722954,2.0
105760206,106045902,3.0
105717445,10185,2.0
105717445,105812440,2.0
105717445,106098789,2.0
105717445,106356571,2.0
105717445,106467090,2.0
105717445,106584417,2.0
105717445,107342057,1.0
105717445,10228,2.0
105717445,106688497,2.0
105749302,106192059,2.0
105749302,10232,2.0
105749302,10481,3.0
105749302,13111,3.0
105749302,105829161,3.0
105749302,106142131,2.0
105749302,105890157,2.0
105748002,106481875,3.0
105748002,106945549,1.0
105748002,106187247,3.0
105748002,105987922,4.0
105748002,107909507,4.0
105748002,107820434,3.0
105748002,105788208,2.0
105748002,107326021,3.0
105748705,105936209,2.0
105748705,106142131,2.0
105748705,105899017,3.0
105748705,107869180,3.0
105748705,105885105,2.0
105717322,106022334,4.0
105717322,105990845,4.0
105717322,106193445,4.0
105717322,105859992,3.0
105717322,105812440,2.0
105717322,106098789,4.0
105717322,11466,4.0
105717322,105800279,4.0
105717322,10359,4.0
105717322,13115,3.0
105717322,106646308,4.0
105717766,105990845,3.0
105717766,106192059,4.0
105717766,105942841,4.0
105717766,11327,3.0
105717766,105787381,3.0
105717766,106838734,3.0
105717766,15043,3.0
105717766,105863852,4.0
105717766,107944131,4.0
105717766,106506620,3.0
105748684,106192059,3.0
105748684,106193445,4.0
105748684,12448,3.0
105748684,10359,3.0
105748684,11047,4.0
105748684,12407,4.0
105748684,105805825,4.0
105748684,15043,4.0
105748684,107820434,4.0
105748684,106488452,4.0
105748957,14213,4.0
105748957,106059834,3.0
105748957,106945549,3.0
105748957,13658,4.0
105748957,105936281,3.0
105748957,105800279,3.0
105748957,105863852,4.0
105748957,105890157,3.0
105748957,11916,4.0
105748957,106182300,3.0
105748957,106088454,4.0
105748957,108744718,4.0
105748960,106119061,4.0
105748960,105819862,3.0
105748963,106087077,4.0
105748963,106333851,3.0
105748963,106262777,3.0
105748963,106584417,4.0
105748963,11047,4.0
105748963,105856868,4.0
105748963,106365141,3.0
105748963,107226326,3.0
105748963,106119061,3.0
105748963,107656938,4.0
105748963,108147044,4.0
105748963,106506620,4.0
105748963,106088454,3.0
105751411,106022334,3.0
105751411,10185,4.0
105751411,14213,4.0
105751411,106816037,3.0
105751411,105859992,4.0
105751411,105877184,4.0
105751411,10121,4.0
105751411,106372474,3.0
105751411,107226326,4.0
105751411,107101456,3.0
105751411,12179,4.0
105751411,105994004,4.0
105748496,105990845,4.0
105748496,105942841,4.0
105748496,11327,4.0
105748496,107186883,4.0
105748496,106389541,3.0
105748496,106356571,4.0
105748496,106861594,4.0
105748496,107909507,4.0
105748496,106776142,4.0
105748612,105936209,4.0
105748612,106767428,4.0
105748612,107297633,4.0
105748612,10769,4.0
105748612,13658,4.0
105748612,106088903,4.0
105748612,10762,4.0
105748612,107328886,4.0
105748612,106467090,4.0
105748612,106584417,4.0
105748612,105856868,4.0
105748612,107226326,4.0
105748612,106565770,4.0
105748612,11965,4.0
105748612,106554608,4.0
105748612,107115524,4.0
105748612,15043,4.0
105748627,106308715,4.0
105748627,10232,3.0
105748627,105797501,3.0
105748627,10168,4.0
105748627,105876980,4.0
105748627,106389541,4.0
105748627,106400151,4.0
105748627,10150,3.0
105748627,106584417,4.0
105748627,106160547,4.0
105748627,105954758,3.0
105748627,106731930,4.0
105748627,105905885,4.0
105748627,105815478,4.0
105748639,105823132,4.0
105748639,10232,3.0
105748639,10431,2.0
105748639,106396822,4.0
105748639,106945549,3.0
105748639,107186883,3.0
105748639,13111,3.0
105748639,105788294,4.0
105748639,106452465,2.0
105748639,12448,4.0
105748639,106389541,3.0
105748639,105800279,4.0
105748639,106738886,3.0
105748639,106142131,4.0
105748639,106467090,3.0
105748639,11287,3.0
105748639,106235451,4.0
105748639,106365141,3.0
105748639,105874611,4.0
105748639,105987922,4.0
105748639,106119061,4.0
105748639,106565770,4.0
105748639,106160547,4.0
105748639,105841324,4.0
105748639,106251374,4.0
105748639,105788208,3.0
105748639,12494,3.0
105748639,106413021,3.0
105748639,14116,2.0
105748639,11609,4.0
105748639,11235,4.0
105748777,106192059,4.0
105748777,106596992,4.0
105748777,13119,4.0
105748777,106235451,4.0
105748777,106722954,4.0
105748777,106554608,4.0
105748777,105860008,4.0
105748777,105890157,4.0
105748777,105954758,3.0
105748777,14015,4.0
105749032,106907209,4.0
105749032,105822848,4.0
105749032,105942841,3.0
105749032,105807065,4.0
105749032,107186883,3.0
105749032,108123128,4.0
105749032,13658,2.0
105749032,106156272,3.0
105749032,106247789,4.0
105749032,105964182,3.0
105749032,106584417,4.0
105749032,106887229,4.0
105749032,108035631,4.0
105749032,11802,4.0
105749032,12121,4.0
105749032,12407,4.0
105749032,107835621,3.0
105749032,15043,3.0
105749032,105788208,4.0
105749032,106046804,3.0
105749032,107116332,2.0
105749032,105819862,3.0
105749032,11235,3.0
105749032,105847271,3.0
105751324,105795871,3.0
105751324,106098789,2.0
105751324,106738886,2.0
105751324,13115,3.0
105751324,105987922,3.0
105751324,105954758,2.0
105751324,105815478,3.0
105762483,14213,3.0
105762483,13937,4.0
105762483,106596992,3.0
105762483,106098789,3.0
105762483,105816899,3.0
105762483,106584417,4.0
105762483,105788208,3.0
105762483,105837552,4.0
105762483,107786938,4.0
105762483,105847271,3.0
105748142,105868316,3.0
105748142,105942841,2.0
105748142,105795871,3.0
105748142,106059834,3.0
105748142,10481,3.0
105748142,106596992,3.0
105748142,108684526,4.0
105748142,107328886,3.0
105748142,105800279,3.0
105748142,10121,2.0
105748142,10150,3.0
105748142,106356571,3.0
105748142,11047,3.0
105748142,11802,3.0
105748142,107656938,4.0
105748142,108174185,3.0
105748142,106110467,3.0
105748142,107820434,3.0
105748142,106817666,3.0
105748142,12494,2.0
105748142,14015,3.0
105748142,11609,3.0
105748142,105811887,4.0
105751342,106087077,2.0
105751342,105990845,2.0
105751342,105795871,2.0
105751342,105936209,2.0
105751342,106860947,3.0
105751342,105800279,2.0
105751342,106455894,2.0
105751342,10150,2.0
105751342,105846604,3.0
105751342,106489136,3.0
105751342,106838734,2.0
105751342,109996200,3.0
105751342,105860008,2.0
105751342,105788208,2.0
105751342,106731930,2.0
105751342,14015,1.0
105751342,108386412,3.0
105751342,107148564,2.0
105752329,106193445,3.0
105752329,105822848,4.0
105752329,106055829,4.0
105752329,106159111,4.0
105752329,106738886,4.0
105752329,106646308,4.0
105752329,15043,4.0
105753538,106945872,3.0
105753538,105929502,3.0
105753538,105972853,2.0
105753538,106526731,1.0
105753538,108092104,3.0
105753538,106379824,3.0
105753538,107944131,4.0
105753538,105788208,2.0
105717364,105823132,4.0
105717364,106823389,4.0
105717364,105936281,4.0
105717364,13115,3.0
105717364,107226326,4.0
105717364,105792600,4.0
105717364,108147044,4.0
105717364,105899017,4.0
105717364,106223263,4.0
105717364,10228,4.0
105717364,106488452,4.0
105717364,12494,4.0
105718435,106022334,4.0
105718435,105823132,4.0
105718435,106192059,3.0
105718435,106400151,3.0
105718435,106162275,4.0
105718435,106372474,3.0
105718435,11802,4.0
105718435,106235451,4.0
105718435,107226326,3.0
105718435,106808076,4.0
105748220,106055829,1.0
105748220,10359,2.0
105748220,106838734,2.0
105748220,11029,3.0
105748220,107572371,3.0
105748220,108242742,2.0
105748220,107116332,2.0
105748220,107148564,3.0
105748220,106327234,3.0
105748220,105829522,2.0
105748232,106192059,2.0
105748232,10232,1.0
105748232,107356939,3.0
105748232,105816899,1.0
105748232,107342057,3.0
105748232,106278120,1.0
105748232,107262000,1.0
105748232,108076158,2.0
105748247,105823132,2.0
105748247,106452465,1.0
105748247,106156272,2.0
105748247,106356571,3.0
105748247,106838734,1.0
105748247,11029,2.0
105748247,107101456,4.0
105748247,106817666,3.0
105748247,107875017,3.0
105748247,106327234,2.0
105748247,108048345,3.0
105748256,105936209,2.0
105748256,106481875,2.0
105748256,106136679,2.0
105748256,10762,2.0
105748256,107937197,1.0
105748256,105807147,1.0
105748256,106887229,3.0
105748256,12407,2.0
105748256,13115,2.0
105748256,106045902,2.0
105748256,106554608,2.0
105748256,106129363,2.0
105748256,107820434,1.0
105748256,10790,2.0
105748256,105885105,2.0
105748256,108386412,2.0
105748292,106059834,2.0
105748292,106860947,3.0
105748292,105788294,3.0
105748292,106489136,3.0
105748292,11287,3.0
105748292,10271,2.0
105748292,106722954,2.0
105748292,107229353,2.0
105748292,106202961,2.0
105748292,106731930,1.0
105748292,106413021,1.0
105748292,106792062,3.0
105748292,107824861,3.0
105748292,11235,2.0
105748292,106609131,2.0
105748310,106503119,2.0
105748310,105936281,2.0
105748310,105816899,2.0
105748310,106257649,3.0
105748310,10271,2.0
105748310,106554608,1.0
105748310,105863852,1.0
105748310,106893421,3.0
105748310,105994004,3.0
105748379,106022334,4.0
105748379,11622,3.0
105748379,106192059,3.0
105748379,105822848,3.0
105748379,10168,4.0
105748379,106187247,3.0
105748379,107937197,3.0
105748379,11029,3.0
105748379,12121,3.0
105748379,14004,4.0
105748379,105856868,3.0
105748379,106235451,4.0
105748379,105874611,3.0
105748379,105792600,4.0
105748379,107909507,3.0
105748379,105890157,3.0
105748379,12494,3.0
105748379,110093522,3.0
105748379,106088454,2.0
105748379,108744718,3.0
105748379,105819862,3.0
105748379,106908071,3.0
105748379,11129,4.0
105748379,105847271,3.0
105748379,105815478,4.0
105748403,105859992,1.0
105748403,105800279,2.0
105748403,10359,3.0
105748403,106414419,3.0
105748403,109996200,3.0
105748403,106413021,3.0
105748403,105823335,3.0
105748403,108416587,3.0
105748403,106908071,2.0
105748403,105847271,2.0
105748448,105936209,3.0
105748448,10168,2.0
105748448,106121156,4.0
105748448,105846604,3.0
105748448,106861594,3.0
105748448,13115,3.0
105748448,14004,2.0
105748448,105885105,2.0
105748448,106593285,3.0
105748678,105797501,2.0
105748678,105942841,4.0
105748678,105936209,3.0
105748678,10769,3.0
105748678,105828656,3.0
105748678,106414419,3.0
105748678,11029,3.0
105748678,105874611,3.0
105748678,105792600,3.0
105748678,105860008,3.0
105748678,106379824,2.0
105748678,105954758,3.0
105748678,107820434,3.0
105748678,106731930,3.0
105748678,14015,3.0
105748678,106552563,3.0
105748678,106776142,3.0
105748711,105942841,4.0
105748711,105795871,4.0
105748711,10168,4.0
105748711,13937,4.0
105748711,106430658,4.0
105748711,106452465,4.0
105748711,106088903,4.0
105748711,105800279,4.0
105748711,11278,4.0
105748711,106565770,4.0
105748771,105795871,4.0
105748771,10850,4.0
105748771,11327,4.0
105748771,105859992,4.0
105748771,106187247,4.0
105748771,105846604,4.0
105748771,106142131,3.0
105748771,11029,4.0
105748771,106365141,4.0
105748771,105805825,3.0
105748771,12179,4.0
105748771,11129,4.0
105748774,11622,4.0
105748774,106192059,3.0
105748774,106193445,4.0
105748774,105797501,3.0
105748774,105795871,4.0
105748774,106333851,2.0
105748774,106596992,4.0
105748774,107186883,3.0
105748774,105800279,4.0
105748774,107902567,4.0
105748774,105846604,3.0
105748774,105964182,3.0
105748774,106467090,3.0
105748774,106723303,4.0
105748774,106861594,4.0
105748774,106887229,4.0
105748774,105987922,4.0
105748774,106722954,4.0
105748774,106110467,4.0
105748774,106223263,3.0
105748774,10228,4.0
105748774,105788208,3.0
105748774,106731930,4.0
105748774,14116,4.0
105748774,110093522,3.0
105748774,107786938,3.0
105748786,11466,3.0
105748786,105936281,4.0
105748786,107902567,4.0
105748786,108035631,4.0
105748786,11029,4.0
105748786,11047,4.0
105748792,13937,3.0
105748792,105859992,4.0
105748792,13119,3.0
105748792,106455894,4.0
105748792,106467090,3.0
105748792,11047,3.0
105748792,105863852,3.0
105748792,106223263,4.0
105748792,107869180,3.0
105748792,107944131,4.0
105748792,11916,3.0
105748792,105788208,4.0
105748813,106503119,4.0
105748813,106193445,3.0
105748813,10850,4.0
105748813,106333851,4.0
105748813,106430658,3.0
105748813,105788294,4.0
105748813,12448,4.0
105748813,105787381,4.0
105748813,10150,2.0
105748813,106467090,3.0
105748813,11029,4.0
105748813,11278,4.0
105748813,105998198,4.0
105748813,11916,4.0
105748813,12179,4.0
105748813,10369,3.0
105748816,105791779,4.0
105748816,106098789,4.0
105748816,106156272,3.0
105748816,10359,4.0
105748816,106838734,4.0
105748816,11047,4.0
105748816,11287,4.0
105748816,107226326,4.0
105748816,105874611,4.0
105748816,107656938,4.0
105748816,107909507,4.0
105748816,106251374,4.0
105748816,106776142,4.0
105748822,106192059,2.0
105748822,105795871,2.0
105748822,107800195,3.0
105748822,105936281,2.0
105748822,107088893,3.0
105748822,105805825,2.0
105748822,107944131,3.0
105748822,108242742,2.0
105748822,108386412,4.0
105748942,105822848,4.0
105748942,10850,4.0
105748942,13658,3.0
105748942,10121,4.0
105748942,13115,3.0
105748942,105874611,4.0
105748942,105987922,4.0
105748942,107656938,4.0
105748942,105843822,3.0
105748942,106646308,4.0
105748942,105841324,4.0
105748942,11916,3.0
105748942,106731930,4.0
105748942,106176200,4.0
105748945,10232,2.0
105748945,10431,4.0
105748945,106816037,3.0
105748945,105974560,2.0
105748945,108123128,3.0
105748945,106489136,3.0
105748945,12407,2.0
105748945,106526731,3.0
105748945,105884543,3.0
105748945,105841324,2.0
105748945,107079403,3.0
105748945,105837552,2.0
105748945,105829522,2.0
105748948,106022334,3.0
105748948,105990845,2.0
105748948,13937,3.0
105748948,106945549,4.0
105748948,10762,4.0
105748948,106584417,3.0
105748948,11047,3.0
105748948,12407,4.0
105748948,105860008,3.0
105748948,105954758,3.0
105748948,12494,3.0
105748948,105823335,3.0
105748948,107824861,3.0
105748951,106022334,2.0
105748951,105795871,3.0
105748951,105791779,3.0
105748951,106121156,3.0
105748951,106396822,3.0
105748951,106945872,3.0
105748951,105788294,3.0
105748951,12448,2.0
105748951,105787381,3.0
105748951,107937197,3.0
105748951,10121,2.0
105748951,106723303,3.0
105748951,105792600,2.0
105748951,106722954,3.0
105748951,108174185,4.0
105748951,106379824,2.0
105748951,105823335,3.0
105748951,107262000,3.0
105748951,105905885,2.0
105749035,106022334,4.0
105749035,10185,3.0
105749035,105936209,3.0
105749035,13937,3.0
105749035,106481875,4.0
105749035,106156272,3.0
105749035,106738886,3.0
105749035,10121,4.0
105749035,105964182,3.0
105749035,106162275,3.0
105749035,106356571,3.0
105749035,11802,3.0
105749035,12407,2.0
105749035,108174185,4.0
105749035,107540372,3.0
105749035,108744718,3.0
105749035,106552563,3.0
105749083,106087077,3.0
105749083,14213,3.0
105749083,106142131,3.0
105749083,10271,2.0
105749167,106156272,2.0
105749167,107902567,3.0
105749167,106887229,3.0
105749167,11287,3.0
105749167,10170,3.0
105749167,12179,3.0
105749167,105994004,3.0
105749242,105990845,1.0
105749242,10232,1.0
105749242,106121156,3.0
105749242,106396822,2.0
105749242,105974560,1.0
105749242,14537,2.0
105749242,105828656,1.0
105749242,105987922,2.0
105749242,107656938,2.0
105749242,108174185,3.0
105749242,106182300,2.0
105749242,105819862,2.0
105749242,106609131,2.0
105749284,105807065,4.0
105749284,106430658,3.0
105749284,11466,3.0
105749284,13658,3.0
105749284,13119,2.0
105749284,106156272,3.0
105749284,107937197,3.0
105749284,106489136,3.0
105749284,107226326,3.0
105749284,107088893,3.0
105749284,105998198,4.0
105749284,106488452,4.0
105749284,12494,3.0
105749284,106413021,3.0
105749284,108386412,3.0
105749530,105795871,2.0
105749530,105807147,3.0
105749530,106129363,2.0
105749530,107609988,2.0
105749530,12494,2.0
105749530,10790,3.0
105749530,108048345,4.0
105749530,107553209,3.0
105749530,107058132,3.0
105749599,10232,3.0
105749599,106055829,4.0
105749599,105791779,3.0
105749599,14537,3.0
105749599,11466,4.0
105749599,105787381,4.0
105749599,10121,3.0
105749599,10870,3.0
105749599,11287,4.0
105749599,105856868,4.0
105749599,106119061,4.0
105749599,106110467,4.0
105749599,105841324,3.0
105749599,107869180,4.0
105749599,107866982,4.0
105749599,10228,4.0
105749599,106488452,4.0
105749599,106731930,3.0
105749599,105994004,4.0
105749686,10431,3.0
105749686,106481875,4.0
105749686,105936281,3.0
105749686,13119,3.0
105749686,106235451,3.0
105749686,107342057,2.0
105749686,105805825,4.0
105749686,107909507,3.0
105749686,12494,3.0
105749686,105823335,3.0
105749686,106278120,3.0
105749686,106176200,4.0
105749686,107824861,3.0
105749746,106087077,2.0
105749746,14213,2.0
105749746,105795871,1.0
105749746,10481,2.0
105749746,105859992,2.0
105749746,106262777,1.0
105749746,106722954,1.0
105749746,106817666,2.0
105749746,106731930,2.0
105749746,12494,1.0
105749746,10790,2.0
105749767,105823132,1.0
105749767,106192059,2.0
105749767,106059834,2.0
105749767,107186883,3.0
105749767,106456414,3.0
105749767,107101456,2.0
105749767,106045902,1.0
105749767,106046228,2.0
105749914,106022334,2.0
105749914,105822848,3.0
105749914,10185,3.0
105749914,10232,3.0
105749914,10481,3.0
105749914,10769,3.0
105749914,106452465,2.0
105749914,107800195,3.0
105749914,107937197,3.0
105749914,10121,2.0
105749914,105846604,2.0
105749914,106142131,3.0
105749914,106414419,3.0
105749914,106887229,3.0
105749914,11047,3.0
105749914,105856868,3.0
105749914,105874611,3.0
105749914,107835621,2.0
105749914,105792600,3.0
105749914,110171029,3.0
105749914,105863852,3.0
105749914,106251374,2.0
105749914,106731930,3.0
105749914,14116,3.0
105749914,106776142,3.0
105749914,106609131,3.0
105749917,10232,2.0
105749917,11327,3.0
105749917,107186883,3.0
105749917,11466,3.0
105749917,107902567,4.0
105749917,106723303,3.0
105749917,106887229,3.0
105749917,107656938,3.0
105749917,106110467,3.0
105749917,14116,2.0
105749917,107326021,3.0
105750106,105795871,3.0
105750106,106059834,4.0
105750106,106767428,3.0
105750106,10168,3.0
105750106,106121156,4.0
105750106,105974560,4.0
105750106,106945872,4.0
105750106,10769,3.0
105750106,105828656,3.0
105750106,11466,4.0
105750106,105787381,4.0
105750106,106187247,3.0
105750106,106389541,3.0
105750106,105929502,4.0
105750106,106414419,4.0
105750106,106456414,3.0
105750106,106584417,4.0
105750106,106838734,4.0
105750106,107146196,4.0
105750106,106119061,3.0
105750106,107088893,4.0
105750106,107656938,4.0
105750106,107909507,3.0
105750106,106646308,3.0
105750106,106110467,4.0
105750106,106893421,4.0
105750106,108242742,4.0
105750106,14582,3.0
105750106,14015,4.0
105750106,14116,3.0
105750106,110093522,4.0
105750106,106182300,4.0
105750106,105905885,4.0
105750400,106767428,4.0
105750400,107186883,4.0
105750400,105788294,4.0
105750400,106452465,3.0
105750400,10150,3.0
105750400,12121,4.0
105750400,106235451,4.0
105750400,106565770,4.0
105750400,105805825,4.0
105750400,107115524,4.0
105750400,105954758,3.0
105750400,108386412,4.0
105750400,106046804,3.0
105750400,11609,3.0
105750418,106087077,2.0
105750418,10481,2.0
105750418,11327,3.0
105750418,11466,4.0
105750418,106162275,3.0
105750418,11029,2.0
105750418,12121,3.0
105750418,14004,2.0
105750418,110171029,3.0
105750418,106817666,3.0
105750418,10369,2.0
105750418,108744718,3.0
105750418,11235,2.0
105750520,106022334,3.0
105750520,105828656,4.0
105750520,13658,2.0
105750520,106247789,3.0
105750520,106356571,3.0
105750520,106887229,3.0
105750520,107515236,3.0
105750520,108147044,2.0
105750520,105843822,2.0
105750520,10790,3.0
105750520,105823335,3.0
105750520,107588308,2.0
105750520,109205885,3.0
105751144,14213,2.0
105751144,106430658,2.0
105751144,106596992,2.0
105751144,106945872,3.0
105751144,107186883,2.0
105751144,105987922,3.0
105751144,11916,3.0
105751144,105954758,3.0
105751144,12494,3.0
105751144,10790,3.0
105751315,106503119,4.0
105751315,10185,4.0
105751315,14213,4.0
105751315,106059834,4.0
105751315,105791779,3.0
105751315,105859992,4.0
105751315,105812440,3.0
105751315,106400151,3.0
105751315,10150,3.0
105751315,105964182,3.0
105751315,106467090,3.0
105751315,106584417,3.0
105751315,13115,3.0
105751315,108174185,4.0
105751315,11916,3.0
105751315,11609,3.0
105752005,106022334,1.0
105752005,105823132,1.0
105752005,106481875,2.0
105752005,106333851,2.0
105752005,107370769,2.0
105752005,105787381,2.0
105752005,105805825,2.0
105752005,107115524,2.0
105752005,106379824,2.0
105752005,106808076,1.0
105752005,105829522,2.0
105752506,106022334,2.0
105752506,14213,2.0
105752506,106333851,2.0
105752506,106430658,2.0
105752506,11466,3.0
105752506,105885105,1.0
105752506,106182300,2.0
105752506,106908071,2.0
105752506,108076158,2.0
105752509,11622,3.0
105752509,105990845,3.0
105752509,10232,3.0
105752509,106396822,2.0
105752509,106129363,2.0
105752509,107869180,2.0
105752509,105885105,2.0
105752509,107148564,2.0
105752509,106593285,3.0
105752509,106609131,2.0
105752509,107588308,3.0
105752512,14213,3.0
105752512,106533215,2.0
105752512,13658,3.0
105752512,106223263,2.0
105752512,107406913,3.0
105752512,106889790,3.0
105752512,105829522,2.0
105752560,105823132,4.0
105752560,106121156,4.0
105752560,105859992,4.0
105752560,105974560,4.0
105752560,105788294,3.0
105752560,11466,3.0
105752560,106088903,3.0
105752560,13119,3.0
105752560,107902567,4.0
105752560,10121,2.0
105752560,10359,3.0
105752560,13115,3.0
105752560,15043,2.0
105752560,106110467,4.0
105752560,106731930,3.0
105752560,14015,4.0
105752560,105823335,4.0
105752560,12179,4.0
105752560,106046804,3.0
105752560,106182300,4.0
105752560,105819862,3.0
105752596,10232,1.0
105752596,106262777,2.0
105752596,107088893,2.0
105752596,107101456,3.0
105752596,106126874,3.0
105752596,106609131,2.0
105752596,105847271,2.0
105752599,106087077,3.0
105752599,105990845,2.0
105752599,10270,3.0
105752599,11287,3.0
105752599,106202961,2.0
105752599,108242742,2.0
105752599,106776142,3.0
105752599,107553209,3.0
105752605,106192059,3.0
105752605,10270,2.0
105752605,106055829,4.0
105752605,107186883,2.0
105752605,106356571,3.0
105752605,107869180,2.0
105752605,106731930,2.0
105752605,10790,2.0
105752605,106792062,3.0
105752605,107116332,2.0
105752605,106327234,4.0
105752605,106552563,2.0
105752605,109205885,2.0
105752845,106192059,2.0
105752845,105856868,2.0
105752845,105787518,3.0
105753616,10185,3.0
105753616,14213,4.0
105753616,107835621,4.0
105753616,105843822,3.0
105753616,10170,3.0
105753616,105823335,3.0
105753616,10565,2.0
105753616,105994004,3.0
105753616,106552563,3.0
105753664,107370769,2.0
105753664,106098789,2.0
105753664,13658,1.0
105753664,105945438,1.0
105753664,106889790,2.0
105753664,10565,2.0
105753664,105905885,1.0
105753664,107148564,2.0
105753664,108076158,1.0
105754129,106098789,3.0
105754129,106159111,3.0
105754129,12448,3.0
105754129,106187247,3.0
105754129,106389541,4.0
105754129,105856868,4.0
105754129,105860008,3.0
105754201,105868316,2.0
105754201,106193445,3.0
105754201,105822848,4.0
105754201,105936209,3.0
105754201,14537,3.0
105754201,105812440,2.0
105754201,106159111,3.0
105754201,107328886,3.0
105754201,105807147,3.0
105754201,107909507,2.0
105754201,107944131,4.0
105754201,14015,4.0
105754201,106126874,3.0
105754201,106088454,3.0
105754201,109205885,3.0
105754714,10431,3.0
105754714,107356939,3.0
105754714,105936209,3.0
105754714,105877184,3.0
105754714,105787381,3.0
105754714,105964182,3.0
105754714,106467090,2.0
105754714,11047,3.0
105754714,105805825,3.0
105754714,107909507,3.0
105754714,105860008,2.0
105754714,12494,3.0
105754714,10790,3.0
105754714,108386412,3.0
105754774,105823132,3.0
105754774,105990845,3.0
105754774,10168,3.0
105754774,107297633,2.0
105754774,10121,2.0
105754774,11287,3.0
105754774,106176200,3.0
105754774,105837552,2.0
105756478,106087077,3.0
105756478,105823132,3.0
105756478,106192059,2.0
105756478,105936209,3.0
105756478,13658,3.0
105756478,107869180,3.0
105756478,107820434,3.0
105756478,107572371,4.0
105756478,106413021,4.0
105756478,105885105,3.0
105756478,106278120,2.0
105756478,10369,3.0
105756478,108416587,3.0
105756478,107058132,4.0
105756595,105990845,3.0
105756595,106308715,3.0
105756595,105797501,2.0
105756595,11327,3.0
105756595,106827872,3.0
105756595,14537,3.0
105756595,106356571,3.0
105756595,105874611,3.0
105756595,106646308,2.0
105756595,105841324,3.0
105756595,105994004,3.0
105756595,11129,3.0
105756796,106022334,4.0
105756796,107356939,4.0
105756796,105936209,4.0
105756796,10481,3.0
105756796,11327,4.0
105756796,106945549,3.0
105756796,10769,3.0
105756796,108123128,4.0
105756796,13658,4.0
105756796,106389541,4.0
105756796,105964182,3.0
105756796,12407,4.0
105756796,105843822,4.0
105756796,105884543,3.0
105756796,105841324,4.0
105756796,105860008,4.0
105756796,106129363,4.0
105756796,107079403,4.0
105756796,14116,3.0
105756796,105819862,4.0
105756796,11235,4.0
105756796,11129,4.0
105756796,105847271,3.0
105756799,10185,3.0
105756799,105797501,3.0
105756799,105942841,4.0
105756799,106059834,3.0
105756799,105974560,3.0
105756799,106887229,4.0
105756799,108242742,4.0
105757051,105990845,3.0
105757051,14213,3.0
105757051,14537,3.0
105757051,11466,3.0
105757051,12448,3.0
105757051,105787381,3.0
105757051,106142131,2.0
105757051,106414419,2.0
105757051,11287,3.0
105757051,107101456,4.0
105757051,107115524,3.0
105757051,106379824,3.0
105757051,106202961,2.0
105757051,14116,2.0
105757051,10565,2.0
105758092,106022334,3.0
105758092,105823132,3.0
105758092,106121156,2.0
105758092,105856868,4.0
105758092,105860008,3.0
105758092,107875017,3.0
105758901,106503119,2.0
105758901,14213,1.0
105758901,10359,2.0
105758901,105856868,2.0
105758901,14015,2.0
105758901,108735529,2.0
105759021,13937,3.0
105759021,106136679,3.0
105759021,105884543,2.0
105759021,106202961,2.0
105759021,106413021,3.0
105759105,11622,2.0
105759105,105868316,3.0
105759105,105877184,3.0
105759105,105807147,2.0
105759105,107088893,3.0
105759105,107944131,3.0
105759105,105823335,3.0
105759351,10232,3.0
105759351,106738886,3.0
105759351,106372474,3.0
105759351,15043,3.0
105759351,106110467,3.0
105759351,105841324,3.0
105759351,106251374,3.0
105759351,107875017,3.0
105759351,106688497,3.0
105759351,106046804,3.0
105759351,105819862,3.0
105759783,10185,2.0
105759783,10850,3.0
105759783,106860947,3.0
105759783,105877184,3.0
105759783,107370769,3.0
105759783,106823389,4.0
105759783,105843822,4.0
105759783,106731930,3.0
105760332,107370769,3.0
105760332,105800279,1.0
105760332,105846604,2.0
105760332,14004,2.0
105760332,106257649,2.0
105760332,107572371,3.0
105760332,14015,3.0
105760332,105885105,3.0
105760878,106022334,3.0
105760878,105974560,2.0
105760878,14537,2.0
105760878,13658,2.0
105760878,11287,2.0
105760878,105945438,3.0
105760878,107875017,2.0
105760878,10369,2.0
105760878,108744718,2.0
105761217,106193445,3.0
105761217,105829161,4.0
105761217,106162275,4.0
105761217,105805825,4.0
105761217,15043,4.0
105761217,11916,3.0
105761217,10565,3.0
105761217,108744718,3.0
105761274,106022334,2.0
105761274,106389541,4.0
105761274,107515236,3.0
105761274,106126874,3.0
105761322,10270,3.0
105761322,106816037,2.0
105761322,106430658,2.0
105761322,13111,3.0
105761322,106098789,2.0
105761322,13658,2.0
105761322,107902567,3.0
105761322,107835621,2.0
105761322,106160547,3.0
105761322,10790,2.0
105761322,105823335,2.0
105761322,110093522,2.0
105761322,107588308,3.0
105762381,106055829,2.0
105762381,14213,2.0
105762381,106396822,3.0
105762381,105877184,2.0
105762381,12448,2.0
105762381,106136679,2.0
105762381,106389541,3.0
105762381,105972853,1.0
105762381,106414419,2.0
105762381,106554608,1.0
105762381,105863852,3.0
105762381,106731930,2.0
105762381,106413021,0.0
105762381,10790,2.0
105762381,105829522,3.0
105762381,105847271,3.0
105762651,11622,2.0
105762651,13658,2.0
105762651,106162275,3.0
105762651,107406913,2.0
105762651,107572371,4.0
105762651,106413021,2.0
105762984,106430658,2.0
105762984,12448,2.0
105762984,106202961,1.0
105762984,14015,2.0
105764685,106192059,2.0
105764685,106055829,3.0
105764685,10359,2.0
105764685,106887229,4.0
105764685,10271,2.0
105764685,107609988,3.0
105764685,106506620,4.0
105764685,11235,4.0
105764685,107588308,3.0
105764985,10850,4.0
105764985,107328886,3.0
105764985,107902567,4.0
105764985,106861594,2.0
105764985,106526731,2.0
105764985,11916,3.0
105764985,108386412,3.0
105764985,107262000,2.0
105764985,106126874,2.0
105764985,106593285,3.0
105809702,106022334,3.0
105809702,108123128,4.0
105809702,12448,3.0
105809702,106156272,3.0
105809702,11287,2.0
105809702,108092104,3.0
105809702,105998198,4.0
105809702,107869180,4.0
105809702,107944131,3.0
105809702,106202961,4.0
105809702,107262000,3.0
105809702,105787518,4.0
105809702,106908071,2.0
106118649,106022334,2.0
106118649,106192059,2.0
106118649,11466,3.0
106118649,105899017,2.0
106118649,106808076,2.0
106118649,107866982,3.0
106118649,12179,2.0
106210086,14213,3.0
106210086,106396822,4.0
106210086,106533215,3.0
106210086,11466,3.0
106210086,12448,4.0
106210086,106389541,3.0
106210086,106235451,3.0
106210086,106893421,4.0
106210086,106805249,3.0
106210086,107866982,4.0
106210086,105994004,3.0
106210086,107786938,2.0
106210086,109205885,4.0
106210208,105795871,3.0
106210208,105936209,2.0
106210208,106533215,3.0
106210208,14537,3.0
106210208,11287,3.0
106210208,107088893,2.0
106210208,107236381,2.0
106210208,10790,2.0
106210208,105994004,2.0
106210208,105829522,3.0
106274771,10185,2.0
106274771,105936209,3.0
106274771,106333851,3.0
106274771,13658,3.0
106274771,106389541,3.0
106274771,10359,2.0
106274771,106356571,2.0
106274771,106414419,2.0
106274771,13115,2.0
106274771,107088893,3.0
106274771,107236381,3.0
106274771,105805825,2.0
106274771,108092104,2.0
106274771,108242742,2.0
106274771,108076158,2.0
105748005,106192059,1.0
105748005,106055829,4.0
105748005,106247789,2.0
105748005,105964182,2.0
105748005,106365141,2.0
105748005,105987922,3.0
105748005,106045902,2.0
105748005,105890157,3.0
105748005,107820434,1.0
105748005,14015,2.0
105748005,11609,2.0
105748093,106087077,4.0
105748093,106192059,3.0
105748093,10232,3.0
105748093,14213,3.0
105748093,105936209,3.0
105748093,105828656,3.0
105748093,108123128,4.0
105748093,108684526,4.0
105748093,12448,3.0
105748093,107328886,3.0
105748093,106738886,3.0
105748093,106262777,4.0
105748093,107515236,2.0
105748093,10870,3.0
105748093,106257649,4.0
105748093,106110467,3.0
105748093,105860008,4.0
105748093,105863852,4.0
105748093,107572371,2.0
105748093,10790,3.0
105748093,14015,4.0
105748093,107326021,3.0
105748169,106087077,3.0
105748169,105823132,3.0
105748169,13119,1.0
105748169,106887229,3.0
105748169,10271,2.0
105748169,105792600,2.0
105748169,105860008,3.0
105748169,105890157,2.0
105748169,10369,2.0
105748178,105795871,3.0
105748178,13937,3.0
105748178,106827872,3.0
105748178,13658,3.0
105748178,10762,4.0
105748178,105972853,2.0
105748178,106506620,3.0
105748178,106202961,3.0
105748178,108048345,3.0
105748199,106503119,3.0
105748199,106059834,3.0
105748199,106481875,2.0
105748199,108123128,3.0
105748199,10762,4.0
105748199,10150,3.0
105748199,105964182,2.0
105748199,106861594,3.0
105748199,106722954,3.0
105748199,108174185,3.0
105748199,10228,4.0
105748199,12494,3.0
105748199,14116,3.0
105748199,107262000,3.0
105748199,11235,3.0
105748199,106046228,2.0
105748211,11622,3.0
105748211,10232,1.0
105748211,106098789,2.0
105748211,13658,1.0
105748211,106738886,2.0
105748211,105846604,1.0
105748211,105929502,3.0
105748211,105856868,2.0
105748211,107835621,2.0
105748211,106045902,2.0
105748211,105899017,2.0
105748211,106688497,2.0
105748211,14015,1.0
105748211,107262000,1.0
105748211,108076158,2.0
105748265,105990845,3.0
105748265,105868316,3.0
105748265,10232,3.0
105748265,10850,3.0
105748265,110093522,3.0
105748265,11609,3.0
105748352,106087077,3.0
105748352,106907209,4.0
105748352,107297633,2.0
105748352,106098789,3.0
105748352,11802,3.0
105748352,105856868,3.0
105748352,105823335,3.0
105748352,108076158,3.0
105748412,106087077,3.0
105748412,11622,3.0
105748412,105936209,3.0
105748412,106481875,3.0
105748412,106816037,3.0
105748412,11327,4.0
105748412,106945549,4.0
105748412,13119,4.0
105748412,105800279,4.0
105748412,106738886,3.0
105748412,105841324,2.0
105748412,12494,3.0
105748412,105885105,2.0
105748412,108386412,4.0
105748412,105837552,3.0
105748645,11622,3.0
105748645,10185,4.0
105748645,105795871,3.0
105748645,106945549,4.0
105748645,13658,4.0
105748645,106400151,4.0
105748645,107146196,4.0
105748645,108035631,4.0
105748645,107101456,3.0
105748645,105843822,4.0
105748645,107785600,4.0
105748645,107115524,4.0
105748645,106202961,4.0
105748645,107079403,4.0
105748645,14116,2.0
105748645,110093522,4.0
105748645,107326021,4.0
105748645,107786938,3.0
105748921,10168,3.0
105748921,106396822,3.0
105748921,106481875,3.0
105748921,105877184,3.0
105748921,106945872,3.0
105748921,105788294,3.0
105748921,107800195,3.0
105748921,12448,2.0
105748921,106861594,2.0
105748921,11278,2.0
105748921,13115,2.0
105748921,10271,2.0
105748921,107656938,3.0
105748921,105860008,3.0
105748921,105954758,2.0
105748921,10790,3.0
105748921,106176200,3.0
105748921,10996,2.0
105748921,105819862,2.0
105748924,11622,3.0
105748924,105868316,3.0
105748924,10185,3.0
105748924,11327,3.0
105748924,13111,4.0
105748924,106452465,2.0
105748924,107800195,3.0
105748924,106823389,4.0
105748924,105936281,3.0
105748924,13119,4.0
105748924,105807147,3.0
105748924,106262777,3.0
105748924,106356571,3.0
105748924,106861594,3.0
105748924,106887229,4.0
105748924,108035631,4.0
105748924,11047,4.0
105748924,11287,4.0
105748924,105987922,4.0
105748924,106565770,4.0
105748924,108174185,4.0
105748924,107820434,4.0
105748924,106413021,4.0
105748924,110093522,3.0
105748924,10565,4.0
105748924,11235,4.0
105748936,106087077,3.0
105748936,105942841,3.0
105748936,106596992,3.0
105748936,13658,2.0
105748936,106455894,3.0
105748936,10121,1.0
105748936,106162275,3.0
105748936,106861594,3.0
105748936,10271,3.0
105748936,107656938,3.0
105748936,107866982,4.0
105748936,106413021,2.0
105748936,10565,4.0
105748936,106609131,3.0
105748936,105815478,4.0
105749029,10232,4.0
105749029,105942841,4.0
105749029,10431,3.0
105749029,105859992,4.0
105749029,106945549,3.0
105749029,106098789,3.0
105749029,106159111,4.0
105749029,13658,3.0
105749029,10762,4.0
105749029,107902567,4.0
105749029,108035631,4.0
105749029,11047,3.0
105749029,12407,3.0
105749029,105874611,3.0
105749029,10271,4.0
105749029,105987922,4.0
105749029,106119061,4.0
105749029,15043,3.0
105749029,107866982,3.0
105749029,106731930,3.0
105749029,109277227,4.0
105749029,106176200,4.0
105749029,105837552,4.0
105749065,11622,4.0
105749065,13937,3.0
105749065,105828656,3.0
105749065,105876980,4.0
105749065,106247789,4.0
105749065,106455894,3.0
105749065,108035631,4.0
105749065,106365141,4.0
105749065,106110467,4.0
105749065,106893421,4.0
105749065,106731930,3.0
105749080,105936209,3.0
105749080,106098789,3.0
105749080,12121,3.0
105749080,12407,3.0
105749080,107101456,4.0
105749080,105841324,3.0
105749080,108242742,3.0
105749080,107165466,3.0
105749080,14116,2.0
105749080,105994004,3.0
105749293,106087077,3.0
105749293,106098789,2.0
105749293,11466,3.0
105749293,13658,2.0
105749293,106247789,3.0
105749293,106356571,3.0
105749293,106584417,2.0
105749293,106257649,3.0
105749293,105890157,3.0
105749299,105823132,3.0
105749299,106192059,3.0
105749299,10270,3.0
105749299,105797501,2.0
105749299,105936209,3.0
105749299,13937,2.0
105749299,105828656,3.0
105749299,107800195,3.0
105749299,108684526,4.0
105749299,105787381,2.0
105749299,106187247,2.0
105749299,106584417,3.0
105749299,105987922,2.0
105749299,106722954,2.0
105749299,106045902,3.0
105749299,106129363,3.0
105749299,107609988,3.0
105749299,14015,4.0
105749299,105905885,4.0
105749299,11235,2.0
105750361,106087077,3.0
105750361,105807065,3.0
105750361,106945872,3.0
105750361,14537,4.0
105750361,11466,3.0
105750361,106489136,3.0
105750361,11287,2.0
105750361,106129363,3.0
105750361,107944131,3.0
105750361,107820434,2.0
105750361,12494,2.0
105750361,106176200,3.0
105750361,106046228,3.0
105750457,105942841,4.0
105750457,10431,4.0
105750457,105936209,4.0
105750457,106767428,3.0
105750457,13937,4.0
105750457,106945549,4.0
105750457,106372474,3.0
105750457,107835621,3.0
105750457,10271,3.0
105750457,105805825,4.0
105750457,107909507,4.0
105750457,15043,4.0
105750457,106808076,3.0
105750457,107820434,4.0
105750457,106731930,4.0
105750457,10369,4.0
105750457,11129,4.0
105750514,105990845,2.0
105750514,105822848,3.0
105750514,105791779,2.0
105750514,13937,2.0
105750514,105877184,3.0
105750514,13658,2.0
105750514,106489136,3.0
105750514,106584417,4.0
105750514,105856868,2.0
105750514,105841324,3.0
105750514,107165466,3.0
105750514,14015,2.0
105750514,108386412,3.0
105750514,12179,2.0
105750514,106182300,4.0
105750565,106087077,3.0
105750565,106503119,4.0
105750565,10270,4.0
105750565,105936209,4.0
105750565,10850,2.0
105750565,105816899,4.0
105750565,106119061,4.0
105750565,106554608,4.0
105750565,107875017,4.0
105750565,12179,3.0
105750565,11609,3.0
105750565,105994004,4.0
105750565,11235,3.0
105753067,106192059,2.0
105753067,105936209,3.0
105753067,106481875,3.0
105753067,106098789,2.0
105753067,10150,2.0
105753067,13115,2.0
105753067,14004,2.0
105753067,12179,2.0
105754633,10850,2.0
105754633,106159111,3.0
105754633,13119,3.0
105754633,10150,2.0
105754633,106489136,2.0
105754633,106861594,2.0
105754633,11278,2.0
105754633,106160547,2.0
105754633,105841324,2.0
105754633,105863852,2.0
105754633,106488452,3.0
105754633,10790,3.0
105756784,106503119,3.0
105756784,105812440,2.0
105756784,106136679,2.0
105756784,105829161,2.0
105756784,105846604,3.0
105756784,11287,3.0
105756784,105987922,4.0
105756784,106722954,2.0
105756784,110171029,3.0
105756784,105860008,2.0
105756784,107406913,2.0
105756784,105837552,3.0
105756784,105905885,2.0
105757414,106503119,4.0
105757414,105823132,2.0
105757414,105868316,3.0
105757414,10232,3.0
105757414,105942841,3.0
105757414,106400151,2.0
105757414,106247789,4.0
105757414,106861594,3.0
105757414,11029,3.0
105757414,105874611,3.0
105757414,105841324,3.0
105757414,107609988,3.0
105757414,107869180,3.0
105757414,107572371,4.0
105757414,10369,3.0
105757414,105811887,3.0
105758257,106087077,3.0
105758257,105822848,3.0
105758257,107356939,3.0
105758257,106098789,2.0
105758257,12448,1.0
105758257,105841324,2.0
105761514,106907209,2.0
105761514,10270,2.0
105761514,105822848,3.0
105761514,11287,2.0
105761514,106506620,2.0
105761514,108744718,3.0
105762150,105868316,2.0
105762150,106192059,3.0
105762150,106059834,1.0
105762150,10850,3.0
105762150,105788294,3.0
105762150,10762,2.0
105762150,105816899,3.0
105762150,105800279,2.0
105762150,106156272,2.0
105762150,10359,2.0
105762150,105856868,4.0
105762150,105987922,3.0
105762150,110171029,2.0
105762150,105847271,2.0
105763881,105990845,3.0
105763881,106907209,3.0
105763881,106121156,3.0
105763881,105877184,3.0
105763881,107370769,3.0
105763881,106159111,4.0
105763881,108123128,3.0
105763881,12407,3.0
105763881,105805825,3.0
105763881,110171029,3.0
105763881,106554608,4.0
105763881,106893421,3.0
105763881,10228,3.0
105763881,105788208,3.0
105763881,12494,2.0
105763881,14015,3.0
105763881,105905885,2.0
105931317,106087077,2.0
105931317,10185,2.0
105931317,106059834,1.0
105931317,106816037,2.0
105931317,107297633,2.0
105931317,106945872,2.0
105931317,106887229,3.0
105931317,106257649,2.0
105931317,107835621,2.0
105931317,107342057,3.0
105931317,105823335,3.0
105931317,105885105,2.0
105931317,106278120,3.0
105931317,10996,2.0
105748184,10270,2.0
105748184,10431,3.0
105748184,10359,2.0
105748184,11029,2.0
105748184,105792600,2.0
105748184,106526731,1.0
105748184,107229353,2.0
105748184,106223263,3.0
105748184,107875017,1.0
105748184,12494,2.0
105748184,106413021,3.0
105748214,105823132,2.0
105748214,106533215,2.0
105748214,106136679,0.0
105748214,107328886,2.0
105748214,106247789,1.0
105748214,105846604,2.0
105748214,11287,2.0
105748214,105874611,2.0
105748214,106688497,2.0
105748214,107262000,1.0
105748589,105990845,2.0
105748589,13937,1.0
105748589,11466,3.0
105748589,106136679,1.0
105748589,106887229,3.0
105748589,11287,3.0
105748589,105885105,2.0
105748589,106046804,3.0
105748589,107148564,3.0
105748648,105868316,3.0
105748648,106907209,3.0
105748648,105942841,3.0
105748648,105795871,3.0
105748648,106767428,3.0
105748648,106430658,3.0
105748648,10769,2.0
105748648,13658,2.0
105748648,107515236,3.0
105748648,109996200,3.0
105748648,11287,3.0
105748648,106554608,3.0
105748648,11916,3.0
105748648,108242742,3.0
105748648,105788208,2.0
105748648,107875017,3.0
105748648,14015,3.0
105748648,108735529,3.0
105748648,105847271,3.0
105748708,11622,3.0
105748708,105822848,3.0
105748708,105936209,2.0
105748708,105860008,2.0
105748708,105863852,3.0
105748708,105890157,1.0
105748783,14213,4.0
105748783,107297633,3.0
105748783,106162275,3.0
105748783,106861594,3.0
105748783,11047,3.0
105748783,12121,3.0
105748783,14582,4.0
105748783,105837552,4.0
105748783,107326021,4.0
105748783,105815478,4.0
105748795,10850,2.0
105748795,10168,2.0
105748795,12448,2.0
105748795,105964182,3.0
105748804,10232,2.0
105748804,13111,4.0
105748804,105816899,3.0
105748804,106455894,3.0
105748804,107937197,3.0
105748804,106467090,3.0
105748804,106584417,4.0
105748804,11047,3.0
105748804,12121,4.0
105748804,107342057,3.0
105748804,105860008,4.0
105748804,107165466,4.0
105748804,10565,2.0
105748825,106452465,2.0
105748825,106088903,3.0
105748825,106456414,3.0
105748825,105856868,4.0
105748825,105841324,3.0
105748825,105945438,4.0
105748825,107406913,3.0
105748825,11129,4.0
105748993,106193445,3.0
105748993,105936209,4.0
105748993,105877184,4.0
105748993,11047,3.0
105748993,105805825,3.0
105748993,106160547,3.0
105748993,107944131,3.0
105748993,106506620,3.0
105748993,10170,4.0
105748993,108242742,3.0
105749041,10232,3.0
105749041,105942841,3.0
105749041,11327,3.0
105749041,106389541,4.0
105749041,106142131,2.0
105749041,106456414,2.0
105749041,105841324,3.0
105749041,107165466,3.0
105749041,12494,3.0
105749041,106413021,3.0
105749041,106046804,2.0
105749041,105837552,2.0
105749122,106308715,4.0
105749122,14213,4.0
105749122,105936209,4.0
105749122,106136679,3.0
105749122,106738886,3.0
105749122,105884543,4.0
105749122,107609988,3.0
105749122,107820434,3.0
105749122,105829522,3.0
105749122,109205885,2.0
105749290,105795871,3.0
105749290,105936209,2.0
105749290,107297633,3.0
105749290,106430658,3.0
105749290,106088903,2.0
105749290,106187247,2.0
105749290,13119,2.0
105749290,105846604,3.0
105749290,107326021,2.0
105749290,11235,2.0
105749290,106609131,2.0
105749296,11622,2.0
105749296,10232,2.0
105749296,105942841,2.0
105749296,14213,4.0
105749296,105795871,3.0
105749296,14537,3.0
105749296,105828656,4.0
105749296,105787381,2.0
105749296,106455894,2.0
105749296,10121,3.0
105749296,105964182,2.0
105749296,107146196,3.0
105749296,105987922,3.0
105749296,107656938,3.0
105749296,106110467,3.0
105749296,105863852,3.0
105749296,10228,3.0
105749296,106088454,3.0
105749632,105942841,3.0
105749632,106767428,3.0
105749632,10850,3.0
105749632,106816037,3.0
105749632,106861594,3.0
105749632,105792600,3.0
105749632,106160547,2.0
105749632,11235,2.0
105750109,10431,2.0
105750109,105936209,2.0
105750109,10481,2.0
105750109,13119,1.0
105750109,12121,2.0
105750577,105936209,4.0
105750577,105974560,4.0
105750577,106452465,3.0
105750577,106088903,3.0
105750577,10150,4.0
105750577,106142131,3.0
105750577,106489136,4.0
105750577,106887229,3.0
105750577,105874611,4.0
105750577,107835621,4.0
105750577,14015,3.0
105750577,105994004,3.0
105750577,106552563,3.0
105750577,11129,4.0
105750751,105942841,3.0
105750751,10431,4.0
105750751,13937,3.0
105750751,105859992,4.0
105750751,105936281,3.0
105750751,106455894,2.0
105750751,12121,4.0
105750751,105856868,3.0
105750751,108174185,4.0
105752743,11622,4.0
105752743,106059834,4.0
105752743,13937,4.0
105752743,14537,4.0
105752743,105788294,4.0
105752743,11466,4.0
105752743,105787381,4.0
105752743,107515236,4.0
105752743,108147044,4.0
105752743,10228,4.0
105752743,107540372,3.0
105753310,105822848,3.0
105753310,10185,3.0
105753310,10481,2.0
105753310,10769,2.0
105753310,106452465,2.0
105753310,106187247,2.0
105753310,10762,3.0
105753310,105829161,3.0
105753310,10870,2.0
105753310,107909507,3.0
105753310,106202961,2.0
105753310,14015,2.0
105753310,108386412,3.0
105753670,105823132,1.0
105753670,105822848,2.0
105753670,13658,1.0
105753670,106136679,2.0
105753670,106489136,1.0
105753670,106045902,1.0
105753670,106609131,2.0
105754546,106192059,3.0
105754546,12448,3.0
105754546,107835621,4.0
105754546,105998198,3.0
105754546,107944131,4.0
105754546,11916,3.0
105754546,10790,2.0
105754546,109205885,3.0
105755077,106087077,3.0
105755077,106503119,3.0
105755077,105823132,3.0
105755077,106554608,2.0
105755077,14582,2.0
105755077,14015,3.0
105755077,106046804,3.0
105755077,105819862,3.0
105755077,105847271,3.0
105755239,105990845,2.0
105755239,106192059,2.0
105755239,106308715,4.0
105755239,14213,3.0
105755239,11287,3.0
105755239,105856868,4.0
105755239,106119061,2.0
105755239,107820434,3.0
105756538,10168,3.0
105756538,10150,2.0
105756538,105954758,2.0
105756538,109277227,1.0
105756538,106088454,3.0
105756538,105847271,3.0
105758116,10185,3.0
105758116,106481875,3.0
105758116,13658,3.0
105758116,11802,3.0
105758116,106257649,3.0
105758116,105841324,3.0
105758116,105860008,1.0
105758116,11235,2.0
105761268,105823132,3.0
105761268,106121156,2.0
105761268,13658,2.0
105761268,10762,1.0
105761268,106162275,3.0
105761268,107515236,2.0
105761268,11047,2.0
105761268,105856868,2.0
105761268,105874611,2.0
105761268,105792600,2.0
105761268,106526731,2.0
105761268,107342057,3.0
105761268,106554608,2.0
105761268,105994004,2.0
105763989,107356939,3.0
105763989,105859992,3.0
105763989,14537,2.0
105763989,11047,3.0
105763989,12407,3.0
105763989,105841324,3.0
105763989,106379824,3.0
105763989,108386412,2.0
105763989,107116332,3.0
105763989,10565,3.0
105763989,105994004,3.0
105824687,106087077,3.0
105824687,106192059,3.0
105824687,105797501,2.0
105824687,105936209,3.0
105824687,106389541,4.0
105824687,107902567,3.0
105824687,105856868,2.0
105824687,10271,2.0
105824687,106251374,4.0
105824687,106379824,4.0
105824687,107609988,2.0
105824687,106202961,4.0
105824687,106413021,3.0
105824687,106908071,3.0
106113458,105823132,2.0
106113458,11327,2.0
106113458,105828656,3.0
106113458,108123128,2.0
106113458,106136679,3.0
106113458,105856868,2.0
106113458,107609988,2.0
106113458,106688497,2.0
106113458,105811887,3.0
105750370,11622,3.0
105750370,105795871,3.0
105750370,13937,3.0
105750370,14537,4.0
105750370,105829161,3.0
105750370,107088893,3.0
105750370,105884543,3.0
105750370,106110467,3.0
105750370,105860008,3.0
105750370,106129363,3.0
105750370,108242742,3.0
105750370,108386412,3.0
105755863,106192059,2.0
105755863,12448,1.0
105755863,105846604,4.0
105755863,106160547,3.0
105755863,106506620,2.0
105755863,106046804,2.0
105756937,105828656,2.0
105756937,106776142,2.0
105758676,13937,3.0
105758676,106160547,3.0
105758676,105823335,3.0
105758904,10232,1.0
105758904,105936209,2.0
105758904,10481,2.0
105758904,105885105,1.0
105758904,105994004,2.0
105758904,109205885,2.0
105830383,10168,1.0
105830383,12448,3.0
105830383,105805825,3.0
105830383,106506620,3.0
105830383,10170,4.0
105830383,106889790,4.0
105830383,106126874,3.0
105830383,105994004,3.0
105830383,109205885,3.0
105749728,106503119,4.0
105749728,10232,4.0
105749728,14213,4.0
105749728,105816899,4.0
105749728,105800279,4.0
105749728,10121,4.0
105749728,11047,4.0
105749728,11278,3.0
105750517,14213,3.0
105750517,106584417,3.0
105750517,108035631,4.0
105750517,11965,3.0
105750517,105884543,3.0
105750517,10369,2.0
105763911,11622,4.0
105763911,105868316,4.0
105763911,105942841,3.0
105763911,105795871,3.0
105763911,10168,2.0
105763911,106481875,3.0
105763911,105859992,4.0
105763911,106945549,2.0
105763911,107370769,4.0
105763911,13658,3.0
105763911,105800279,4.0
105763911,106455894,4.0
105763911,105807147,3.0
105763911,105829161,3.0
105763911,106584417,4.0
105763911,106723303,3.0
105763911,108035631,4.0
105763911,106722954,4.0
105763911,107656938,4.0
105763911,106160547,3.0
105763911,15043,4.0
105764211,10185,4.0
105764211,10232,4.0
105764211,10850,4.0
105764211,11327,3.0
105764211,10121,4.0
105764211,105964182,4.0
105764211,107146196,4.0
105764211,106119061,4.0
105755143,13658,1.0
105755143,107909507,2.0
105755143,106893421,2.0
105755143,11235,2.0
105755143,106908071,1.0
105755143,106609131,2.0
105761925,106389541,2.0
105761925,105807147,2.0
105761925,106489136,3.0
105761925,107835621,2.0
105761925,107101456,4.0
105761925,107342057,3.0
105761925,106202961,2.0
105761925,105823335,0.0
105761925,105994004,2.0
105749689,10232,3.0
105749689,107328886,3.0
105749689,106156272,3.0
105749689,107937197,2.0
105749689,10870,3.0
105749689,106223263,4.0
105749689,106202961,3.0
105749689,106488452,3.0
105749689,106776142,2.0
105749038,105877184,3.0
105749038,14537,2.0
105749038,105800279,3.0
105749038,10150,2.0
105749038,10359,2.0
105749038,106162275,4.0
105749038,105987922,4.0
105749038,105841324,2.0
105749038,105788208,3.0
105749038,109277227,2.0
105749038,10565,2.0
105748954,10232,4.0
105748954,10481,4.0
105748954,105859992,4.0
105748954,105787381,3.0
105748954,10762,4.0
105748954,10121,4.0
105748954,105829161,4.0
105748954,106584417,4.0
105748954,11029,4.0
105748954,107226326,3.0
105748954,106731930,3.0
105748954,109277227,3.0
